{"cameraMode":{"drawMode":0,"name":"Shaded","section":"Shading Mode"},"sceneLighting":false,"audioPlay":false,"sceneViewState":{"m_AlwaysRefresh":false,"showFog":true,"showSkybox":false,"showFlares":true,"showImageEffects":true,"showParticleSystems":true,"showVisualEffectGraphs":true,"m_FxEnabled":true},"in2DMode":false,"pivot":{"x":0.12472269684076309,"y":3.871063709259033,"z":-0.06275274604558945},"rotation":{"x":-0.015977155417203904,"y":0.8744556307792664,"z":-0.028867553919553758,"w":-0.4839811325073242},"size":0.03615068271756172,"orthographic":false}